participant,FP,logFP,condition,FPType,conFPDur,orientation,prevOri,seqOri,oneBackFP,block,countBalance,condTestPos,meanRT,meanLogRT,meanRTzscore,meanInvRT,numFP,numOneBackFP,numLogFP,squaredNumFP,squaredNumLogFP,scaledNumFP,squaredScaledNumFP,scaledNumOneBackFP
1,1,0,external,constant,short,right,right,same,1,5,1,2,0.42898031381460333,-0.3718513360885207,-0.44486078015041775,2.3767878733541434,1,1,0,1,0,-1.01525955503275,1.0307519640852973,-0.9968304199190299
1,1,0,external,constant,short,right,left,different,1,5,1,2,0.4486992359161377,-0.3547964926398528,-0.25685099581622156,2.2980068024493927,1,1,0,1,0,-1.01525955503275,1.0307519640852973,-0.9968304199190299
1,1,0,external,constant,short,left,right,different,1,5,1,2,0.47095443521227154,-0.3389920122248,-0.04465911238385532,2.2373009728052984,1,1,0,1,0,-1.01525955503275,1.0307519640852973,-0.9968304199190299
1,1,0,external,constant,short,left,right,different,NA,5,1,2,0.4294919967651367,-0.36704492448261616,-0.4399821462838243,2.3283320935706278,1,NA,0,1,0,-1.01525955503275,1.0307519640852973,NA
1,1,0,external,constant,short,left,left,same,1,5,1,2,0.480787625679603,-0.33251140799004325,0.04909530327643118,2.216371985968695,1,1,0,1,0,-1.01525955503275,1.0307519640852973,-0.9968304199190299
1,1,0,external,variable,NA,right,right,same,1,6,1,2,0.45304425557454425,-0.3463447954712695,-0.21542346723740033,2.2333180624480886,1,1,0,1,0,-1.01525955503275,1.0307519640852973,-0.9968304199190299
1,1,0,external,variable,NA,right,right,same,1,7,1,2,0.4341399669647217,-0.3657347082590971,-0.3956661400479794,2.3393714498400886,1,1,0,1,0,-1.01525955503275,1.0307519640852973,-0.9968304199190299
1,1,0,external,variable,NA,right,right,same,2.8,6,1,2,0.5885469913482666,-0.24177835663492897,1.0765254536181084,1.791823035710425,1,2.8,0,1,0,-1.01525955503275,1.0307519640852973,0.9968304199190299
1,1,0,external,variable,NA,right,right,same,2.8,7,1,2,0.5644702911376953,-0.25465367319319004,0.8469664954377123,1.8252452840482811,1,2.8,0,1,0,-1.01525955503275,1.0307519640852973,0.9968304199190299
1,1,0,external,variable,NA,right,left,different,1,6,1,2,0.4652870297431946,-0.3377016180023541,-0.09869490980164111,2.201107270230083,1,1,0,1,0,-1.01525955503275,1.0307519640852973,-0.9968304199190299
1,1,0,external,variable,NA,right,left,different,1,7,1,2,0.4665307203928629,-0.33206474913373585,-0.08683695886402797,2.1527415234840017,1,1,0,1,0,-1.01525955503275,1.0307519640852973,-0.9968304199190299
1,1,0,external,variable,NA,right,left,different,2.8,6,1,2,0.5274235725402832,-0.2839762397406788,0.4937450800923397,1.9472845882729721,1,2.8,0,1,0,-1.01525955503275,1.0307519640852973,0.9968304199190299
1,1,0,external,variable,NA,right,left,different,2.8,7,1,2,0.45314931869506836,-0.34511605105838467,-0.214421744398317,2.2208759745415874,1,2.8,0,1,0,-1.01525955503275,1.0307519640852973,0.9968304199190299
1,1,0,external,variable,NA,left,right,different,1,6,1,2,0.4936378399531046,-0.31043570658039094,0.17161548981448085,2.062633127193183,1,1,0,1,0,-1.01525955503275,1.0307519640852973,-0.9968304199190299
1,1,0,external,variable,NA,left,right,different,1,7,1,2,0.4095662832260132,-0.38875353924791245,-0.6299635806596972,2.4535549778069505,1,1,0,1,0,-1.01525955503275,1.0307519640852973,-0.9968304199190299
1,1,0,external,variable,NA,left,right,different,2.8,6,1,2,0.46940159797668457,-0.35173102836170933,-0.05946461707957584,2.3714098555155707,1,2.8,0,1,0,-1.01525955503275,1.0307519640852973,0.9968304199190299
1,1,0,external,variable,NA,left,right,different,2.8,7,1,2,0.4543625116348266,-0.34409609045151063,-0.20285457344519617,2.2161271404314884,1,2.8,0,1,0,-1.01525955503275,1.0307519640852973,0.9968304199190299
1,1,0,external,variable,NA,left,left,same,1,7,1,2,0.44544947147369385,-0.3540414641197862,-0.28783582900409965,2.2735662679278916,1,1,0,1,0,-1.01525955503275,1.0307519640852973,-0.9968304199190299
1,1,0,external,variable,NA,left,left,same,2.8,6,1,2,0.45046937465667725,-0.3486262362101643,-0.23997363298995683,2.243456964665959,1,2.8,0,1,0,-1.01525955503275,1.0307519640852973,0.9968304199190299
1,1,0,external,variable,NA,left,left,same,2.8,7,1,2,0.5084603786468506,-0.30571298149215154,0.3129407756869584,2.073881583160662,1,2.8,0,1,0,-1.01525955503275,1.0307519640852973,0.9968304199190299
1,1,0,action,constant,short,right,right,same,1,0,1,1,0.4232041835784912,-0.378201404671778,-0.49993321232424226,2.4118688354272786,1,1,0,1,0,-1.01525955503275,1.0307519640852973,-0.9968304199190299
1,1,0,action,constant,short,right,left,different,1,0,1,1,0.4366540692069314,-0.3647715416555241,-0.3716954677202466,2.3427452973554925,1,1,0,1,0,-1.01525955503275,1.0307519640852973,-0.9968304199190299
1,1,0,action,constant,short,left,right,different,1,0,1,1,0.42268550395965576,-0.3859512399381791,-0.5048785558259647,2.4887287871575525,1,1,0,1,0,-1.01525955503275,1.0307519640852973,-0.9968304199190299
1,1,0,action,constant,short,left,left,same,1,0,1,1,0.4179724454879761,-0.385977453083658,-0.5498151452730121,2.4729418679245563,1,1,0,1,0,-1.01525955503275,1.0307519640852973,-0.9968304199190299
1,1,0,action,variable,NA,right,right,same,1,1,1,1,0.4401051998138428,-0.3621432962801132,-0.33879071168066216,2.33413504977301,1,1,0,1,0,-1.01525955503275,1.0307519640852973,-0.9968304199190299
1,1,0,action,variable,NA,right,right,same,1,3,1,1,0.46999871730804443,-0.33749039911519657,-0.05377139124640484,2.217742399425349,1,1,0,1,0,-1.01525955503275,1.0307519640852973,-0.9968304199190299
1,1,0,action,variable,NA,right,right,same,2.8,1,1,1,0.4680289030075073,-0.33459755162991833,-0.0725525578799287,2.1850821883864087,1,2.8,0,1,0,-1.01525955503275,1.0307519640852973,0.9968304199190299
1,1,0,action,variable,NA,right,right,same,2.8,3,1,1,0.5185500383377075,-0.29237445355888153,0.40914049353745074,1.9913145250285902,1,2.8,0,1,0,-1.01525955503275,1.0307519640852973,0.9968304199190299
1,1,0,action,variable,NA,right,left,different,1,1,1,1,0.4199971675872803,-0.3779295106230816,-0.5305104610074738,2.3943126989995216,1,1,0,1,0,-1.01525955503275,1.0307519640852973,-0.9968304199190299
1,1,0,action,variable,NA,right,left,different,1,3,1,1,0.4759065508842468,-0.32581065512631413,0.002556764563780709,2.1334176149698063,1,1,0,1,0,-1.01525955503275,1.0307519640852973,-0.9968304199190299
1,1,0,action,variable,NA,right,left,different,2.8,1,1,1,0.4783170223236084,-0.32111904076411846,0.025539370465086343,2.0987259503926765,1,2.8,0,1,0,-1.01525955503275,1.0307519640852973,0.9968304199190299
1,1,0,action,variable,NA,left,right,different,1,1,1,1,0.3752393722534179,-0.4270838880242741,-0.9572530286115514,2.682107476705092,1,1,0,1,0,-1.01525955503275,1.0307519640852973,-0.9968304199190299
1,1,0,action,variable,NA,left,right,different,1,3,1,1,0.5753396153450012,-0.24450560424811815,0.9505999136109622,1.772436587756072,1,1,0,1,0,-1.01525955503275,1.0307519640852973,-0.9968304199190299
1,1,0,action,variable,NA,left,right,different,2.8,1,1,1,0.4297582507133484,-0.37111877859230863,-0.43744355177426403,2.372118382882711,1,2.8,0,1,0,-1.01525955503275,1.0307519640852973,0.9968304199190299
1,1,0,action,variable,NA,left,right,different,2.8,3,1,1,0.5646070241928101,-0.24978431599912798,0.8482701748209521,1.7837659736347211,1,2.8,0,1,0,-1.01525955503275,1.0307519640852973,0.9968304199190299
1,1,0,action,variable,NA,left,left,same,1,1,1,1,0.3611466884613037,-0.4426561121489225,-1.0916195232304056,2.773332669706819,1,1,0,1,0,-1.01525955503275,1.0307519640852973,-0.9968304199190299
1,1,0,action,variable,NA,left,left,same,1,3,1,1,0.49347877502441406,-0.3068225389066818,0.17009888749797164,2.0272773808636755,1,1,0,1,0,-1.01525955503275,1.0307519640852973,-0.9968304199190299
1,1,0,action,variable,NA,left,left,same,2.8,1,1,1,0.5542749563852946,-0.27631647349218436,0.7497592202051251,1.9683147528229212,1,2.8,0,1,0,-1.01525955503275,1.0307519640852973,0.9968304199190299
1,1,0,action,variable,NA,left,left,same,2.8,3,1,1,0.5403522650400797,-0.2702549178491664,0.6170135161708389,1.875819509337837,1,2.8,0,1,0,-1.01525955503275,1.0307519640852973,0.9968304199190299
1,2.8,0.447158031342219,external,constant,long,right,right,same,2.8,4,1,2,0.47375319220802997,-0.33127310945937477,-0.017974403327906095,2.174157359729058,2.8,2.8,0.447158031342219,7.839999999999999,0.1999503049938489,0.9790002852101517,0.9584415584415584,0.9968304199190299
1,2.8,0.447158031342219,external,constant,long,right,left,different,2.8,4,1,2,0.4773024250479305,-0.3246233555677954,0.015865707066851635,2.12798211070955,2.8,2.8,0.447158031342219,7.839999999999999,0.1999503049938489,0.9790002852101517,0.9584415584415584,0.9968304199190299
1,2.8,0.447158031342219,external,constant,long,left,right,different,2.8,4,1,2,0.49931028683980305,-0.3100037413747265,0.22569935455739035,2.084853380568766,2.8,2.8,0.447158031342219,7.839999999999999,0.1999503049938489,0.9790002852101517,0.9584415584415584,0.9968304199190299
1,2.8,0.447158031342219,external,constant,long,left,left,same,2.8,4,1,2,0.45347564870660956,-0.3482847485113199,-0.2113103555112509,2.254582144784966,2.8,2.8,0.447158031342219,7.839999999999999,0.1999503049938489,0.9790002852101517,0.9584415584415584,0.9968304199190299
1,2.8,0.447158031342219,external,constant,long,left,left,same,NA,4,1,2,0.7205390930175781,-0.14234245146173746,2.3350022831773494,1.387849749847791,2.8,NA,0.447158031342219,7.839999999999999,0.1999503049938489,0.9790002852101517,0.9584415584415584,NA
1,2.8,0.447158031342219,external,variable,NA,right,right,same,1,6,1,2,0.4588802337646484,-0.34266556020036915,-0.15978041559132772,2.2224178569895496,2.8,1,0.447158031342219,7.839999999999999,0.1999503049938489,0.9790002852101517,0.9584415584415584,-0.9968304199190299
1,2.8,0.447158031342219,external,variable,NA,right,right,same,1,7,1,2,0.4197387218475342,-0.38508282583515463,-0.5329746082636755,2.471307635862612,2.8,1,0.447158031342219,7.839999999999999,0.1999503049938489,0.9790002852101517,0.9584415584415584,-0.9968304199190299
1,2.8,0.447158031342219,external,variable,NA,right,right,same,2.8,6,1,2,0.4932811260223388,-0.30690550124404664,0.1682144058786065,2.0272415611431964,2.8,2.8,0.447158031342219,7.839999999999999,0.1999503049938489,0.9790002852101517,0.9584415584415584,0.9968304199190299
1,2.8,0.447158031342219,external,variable,NA,right,right,same,2.8,7,1,2,0.46110296249389643,-0.3377128886936864,-0.13858783990856122,2.1839707837024043,2.8,2.8,0.447158031342219,7.839999999999999,0.1999503049938489,0.9790002852101517,0.9584415584415584,0.9968304199190299
1,2.8,0.447158031342219,external,variable,NA,right,left,different,1,6,1,2,0.4370114803314209,-0.35951480204194297,-0.36828773640065837,2.288350001117027,2.8,1,0.447158031342219,7.839999999999999,0.1999503049938489,0.9790002852101517,0.9584415584415584,-0.9968304199190299
1,2.8,0.447158031342219,external,variable,NA,right,left,different,1,7,1,2,0.45904505252838135,-0.343374586852348,-0.158208953415855,2.2321577171239775,2.8,1,0.447158031342219,7.839999999999999,0.1999503049938489,0.9790002852101517,0.9584415584415584,-0.9968304199190299
1,2.8,0.447158031342219,external,variable,NA,right,left,different,2.8,6,1,2,0.5150744915008545,-0.30073661954690956,0.37600294129825984,2.057516286238364,2.8,2.8,0.447158031342219,7.839999999999999,0.1999503049938489,0.9790002852101517,0.9584415584415584,0.9968304199190299
1,2.8,0.447158031342219,external,variable,NA,right,left,different,2.8,7,1,2,0.4765970706939697,-0.32196072599308234,0.009140515939034054,2.0992918546919537,2.8,2.8,0.447158031342219,7.839999999999999,0.1999503049938489,0.9790002852101517,0.9584415584415584,0.9968304199190299
1,2.8,0.447158031342219,external,variable,NA,left,right,different,1,6,1,2,0.5214257836341858,-0.304976692306698,0.4365592464594927,2.109563193957554,2.8,1,0.447158031342219,7.839999999999999,0.1999503049938489,0.9790002852101517,0.9584415584415584,-0.9968304199190299
1,2.8,0.447158031342219,external,variable,NA,left,right,different,1,7,1,2,0.5531824827194214,-0.2622516883792837,0.7393430454642336,1.8508524402727724,2.8,1,0.447158031342219,7.839999999999999,0.1999503049938489,0.9790002852101517,0.9584415584415584,-0.9968304199190299
1,2.8,0.447158031342219,external,variable,NA,left,right,different,2.8,6,1,2,0.35797643661499023,-0.4488681543244092,-1.121846244693244,2.828725134010207,2.8,2.8,0.447158031342219,7.839999999999999,0.1999503049938489,0.9790002852101517,0.9584415584415584,0.9968304199190299
1,2.8,0.447158031342219,external,variable,NA,left,right,different,2.8,7,1,2,0.5557732105255127,-0.27738600434726196,0.7640443031487969,1.9926781281857655,2.8,2.8,0.447158031342219,7.839999999999999,0.1999503049938489,0.9790002852101517,0.9584415584415584,0.9968304199190299
1,2.8,0.447158031342219,external,variable,NA,left,left,same,1,6,1,2,0.5073899428049723,-0.3108993996745178,0.3027347202677593,2.1212274297380906,2.8,1,0.447158031342219,7.839999999999999,0.1999503049938489,0.9790002852101517,0.9584415584415584,-0.9968304199190299
1,2.8,0.447158031342219,external,variable,NA,left,left,same,1,7,1,2,0.455111026763916,-0.3490717131408876,-0.1957178665163712,2.2745968328231663,2.8,1,0.447158031342219,7.839999999999999,0.1999503049938489,0.9790002852101517,0.9584415584415584,-0.9968304199190299
1,2.8,0.447158031342219,external,variable,NA,left,left,same,2.8,6,1,2,0.6086849106682671,-0.23168128896939835,1.2685301610152813,1.766068603597588,2.8,2.8,0.447158031342219,7.839999999999999,0.1999503049938489,0.9790002852101517,0.9584415584415584,0.9968304199190299
1,2.8,0.447158031342219,external,variable,NA,left,left,same,2.8,7,1,2,0.47625207901000977,-0.3232390988054343,0.005851197599805125,2.110158522027741,2.8,2.8,0.447158031342219,7.839999999999999,0.1999503049938489,0.9790002852101517,0.9584415584415584,0.9968304199190299
1,2.8,0.447158031342219,action,constant,long,right,right,same,2.8,2,1,1,0.4688225814274379,-0.3334638316331614,-0.06498524219231096,2.1768203151636496,2.8,2.8,0.447158031342219,7.839999999999999,0.1999503049938489,0.9790002852101517,0.9584415584415584,0.9968304199190299
1,2.8,0.447158031342219,action,constant,long,right,left,different,2.8,2,1,1,0.47776048000042254,-0.333239531549538,0.020233025543378594,2.2085853556683808,2.8,2.8,0.447158031342219,7.839999999999999,0.1999503049938489,0.9790002852101517,0.9584415584415584,0.9968304199190299
1,2.8,0.447158031342219,action,constant,long,left,right,different,2.8,2,1,1,0.46435425678888953,-0.3404710982583095,-0.10758842036315457,2.222980239073788,2.8,2.8,0.447158031342219,7.839999999999999,0.1999503049938489,0.9790002852101517,0.9584415584415584,0.9968304199190299
1,2.8,0.447158031342219,action,constant,long,left,right,different,NA,2,1,1,0.4852049350738525,-0.314074790525081,0.09121207732087284,2.0609848080951427,2.8,NA,0.447158031342219,7.839999999999999,0.1999503049938489,0.9790002852101517,0.9584415584415584,NA
1,2.8,0.447158031342219,action,constant,long,left,left,same,2.8,2,1,1,0.47181736628214516,-0.3319493854470227,-0.03643150828324406,2.173786978447276,2.8,2.8,0.447158031342219,7.839999999999999,0.1999503049938489,0.9790002852101517,0.9584415584415584,0.9968304199190299
1,2.8,0.447158031342219,action,variable,NA,right,right,same,1,1,1,1,0.5831603209177653,-0.24899110893514573,1.0251663204614772,1.840648009535714,2.8,1,0.447158031342219,7.839999999999999,0.1999503049938489,0.9790002852101517,0.9584415584415584,-0.9968304199190299
1,2.8,0.447158031342219,action,variable,NA,right,right,same,1,3,1,1,0.3980202674865722,-0.40121193858059695,-0.7400489046908022,2.5256074594015954,2.8,1,0.447158031342219,7.839999999999999,0.1999503049938489,0.9790002852101517,0.9584415584415584,-0.9968304199190299
1,2.8,0.447158031342219,action,variable,NA,right,right,same,2.8,1,1,1,0.4398379325866699,-0.35670731885271484,-0.34133896728416985,2.273564706252229,2.8,2.8,0.447158031342219,7.839999999999999,0.1999503049938489,0.9790002852101517,0.9584415584415584,0.9968304199190299
1,2.8,0.447158031342219,action,variable,NA,right,right,same,2.8,3,1,1,0.515933609008789,-0.2903087499855209,0.38419418504641273,1.964123795243253,2.8,2.8,0.447158031342219,7.839999999999999,0.1999503049938489,0.9790002852101517,0.9584415584415584,0.9968304199190299
1,2.8,0.447158031342219,action,variable,NA,right,left,different,1,1,1,1,0.47367036342620844,-0.32485788567526125,-0.0187641331785921,2.114423534380881,2.8,1,0.447158031342219,7.839999999999999,0.1999503049938489,0.9790002852101517,0.9584415584415584,-0.9968304199190299
1,2.8,0.447158031342219,action,variable,NA,right,left,different,1,3,1,1,0.4525298595428467,-0.34944217659854526,-0.22032796893804368,2.261289674775658,2.8,1,0.447158031342219,7.839999999999999,0.1999503049938489,0.9790002852101517,0.9584415584415584,-0.9968304199190299
1,2.8,0.447158031342219,action,variable,NA,right,left,different,2.8,1,1,1,0.494585116704305,-0.3258624072460876,0.1806472866226907,2.2018071434686792,2.8,2.8,0.447158031342219,7.839999999999999,0.1999503049938489,0.9790002852101517,0.9584415584415584,0.9968304199190299
1,2.8,0.447158031342219,action,variable,NA,right,left,different,2.8,3,1,1,0.4289876619974772,-0.3686145923740599,-0.444790719004568,2.342446102078214,2.8,2.8,0.447158031342219,7.839999999999999,0.1999503049938489,0.9790002852101517,0.9584415584415584,0.9968304199190299
1,2.8,0.447158031342219,action,variable,NA,left,right,different,1,1,1,1,0.4665274143218994,-0.33477491205794174,-0.08686848055094608,2.180696739104085,2.8,1,0.447158031342219,7.839999999999999,0.1999503049938489,0.9790002852101517,0.9584415584415584,-0.9968304199190299
1,2.8,0.447158031342219,action,variable,NA,left,right,different,1,3,1,1,0.7685708999633789,-0.11431606304702491,2.792960868264467,1.3011161365173314,2.8,1,0.447158031342219,7.839999999999999,0.1999503049938489,0.9790002852101517,0.9584415584415584,-0.9968304199190299
1,2.8,0.447158031342219,action,variable,NA,left,right,different,2.8,1,1,1,0.4884456157684326,-0.3117274908340009,0.12211030164301223,2.052421887654018,2.8,2.8,0.447158031342219,7.839999999999999,0.1999503049938489,0.9790002852101517,0.9584415584415584,0.9968304199190299
1,2.8,0.447158031342219,action,variable,NA,left,right,different,2.8,3,1,1,0.5717024008433024,-0.24576042861175285,0.9159209433041422,1.77293382593671,2.8,2.8,0.447158031342219,7.839999999999999,0.1999503049938489,0.9790002852101517,0.9584415584415584,0.9968304199190299
1,2.8,0.447158031342219,action,variable,NA,left,left,same,1,1,1,1,0.426220178604126,-0.37077921052879315,-0.4711772503399673,2.3506741300285996,2.8,1,0.447158031342219,7.839999999999999,0.1999503049938489,0.9790002852101517,0.9584415584415584,-0.9968304199190299
1,2.8,0.447158031342219,action,variable,NA,left,left,same,1,3,1,1,0.48850297927856445,-0.31162815957219264,0.12265723322035738,2.0517457187425774,2.8,1,0.447158031342219,7.839999999999999,0.1999503049938489,0.9790002852101517,0.9584415584415584,-0.9968304199190299
1,2.8,0.447158031342219,action,variable,NA,left,left,same,2.8,1,1,1,0.5028574466705322,-0.2997509782877868,0.25951969987547574,1.9996582485812744,2.8,2.8,0.447158031342219,7.839999999999999,0.1999503049938489,0.9790002852101517,0.9584415584415584,0.9968304199190299
1,2.8,0.447158031342219,action,variable,NA,left,left,same,2.8,3,1,1,0.5049883842468261,-0.2980036255616191,0.279837094106547,1.9922728323426588,2.8,2.8,0.447158031342219,7.839999999999999,0.1999503049938489,0.9790002852101517,0.9584415584415584,0.9968304199190299
2,1,0,external,constant,short,right,right,same,1,1,2,1,0.4794318825006485,-0.3214603332273436,0.6192497158645648,2.1066997414397934,1,1,0,1,0,-1.01525955503275,1.0307519640852973,-0.9968304199190299
2,1,0,external,constant,short,right,left,different,1,1,2,1,0.409913698832194,-0.39167837374685527,-0.32060175868462887,2.4899243252155783,1,1,0,1,0,-1.01525955503275,1.0307519640852973,-0.9968304199190299
2,1,0,external,constant,short,left,right,different,1,1,2,1,0.43635714054107666,-0.3660436038513791,0.03690050001616327,2.3553174206991905,1,1,0,1,0,-1.01525955503275,1.0307519640852973,-0.9968304199190299
2,1,0,external,constant,short,left,left,same,1,1,2,1,0.4261359373728434,-0.3777661252573799,-0.101285113623366,2.426899130926112,1,1,0,1,0,-1.01525955503275,1.0307519640852973,-0.9968304199190299
2,1,0,external,constant,short,left,left,same,NA,1,2,1,0.4344639778137207,-0.3620462258557177,0.011305875890872162,2.3016867935337935,1,NA,0,1,0,-1.01525955503275,1.0307519640852973,NA
2,1,0,external,variable,NA,right,right,same,1,2,2,1,0.45052826404571533,-0.34711734823838175,0.2284870838281492,2.228274697066617,1,1,0,1,0,-1.01525955503275,1.0307519640852973,-0.9968304199190299
2,1,0,external,variable,NA,right,right,same,1,3,2,1,0.4640190601348877,-0.3363424536373115,0.4108759773257319,2.1838395521473957,1,1,0,1,0,-1.01525955503275,1.0307519640852973,-0.9968304199190299
2,1,0,external,variable,NA,right,right,same,2.8,2,2,1,0.4401105642318725,-0.3565187508403909,0.08764493268469303,2.2729992634451364,1,2.8,0,1,0,-1.01525955503275,1.0307519640852973,0.9968304199190299
2,1,0,external,variable,NA,right,right,same,2.8,3,2,1,0.5558839639027913,-0.2602731409082994,1.65284405976806,1.844743985050744,1,2.8,0,1,0,-1.01525955503275,1.0307519640852973,0.9968304199190299
2,1,0,external,variable,NA,right,left,different,1,2,2,1,0.4373490810394287,-0.3591717816798778,0.050311045154791574,2.286503032367973,1,1,0,1,0,-1.01525955503275,1.0307519640852973,-0.9968304199190299
2,1,0,external,variable,NA,right,left,different,1,3,2,1,0.3775895237922668,-0.42422113898028285,-0.7576086246831633,2.66371725287841,1,1,0,1,0,-1.01525955503275,1.0307519640852973,-0.9968304199190299
2,1,0,external,variable,NA,right,left,different,2.8,2,2,1,0.49585241079330444,-0.3090882652227876,0.8412471403417586,2.056924330846,1,2.8,0,1,0,-1.01525955503275,1.0307519640852973,0.9968304199190299
2,1,0,external,variable,NA,right,left,different,2.8,3,2,1,0.5734210014343262,-0.24203979094249833,1.8899361371710657,1.748047287158214,1,2.8,0,1,0,-1.01525955503275,1.0307519640852973,0.9968304199190299
2,1,0,external,variable,NA,left,right,different,1,2,2,1,0.4131927490234375,-0.3876067327689194,-0.2762706212075797,2.461702459001011,1,1,0,1,0,-1.01525955503275,1.0307519640852973,-0.9968304199190299
2,1,0,external,variable,NA,left,right,different,1,3,2,1,0.4153987765312195,-0.3818345016596908,-0.2464462199261377,2.410647224437315,1,1,0,1,0,-1.01525955503275,1.0307519640852973,-0.9968304199190299
2,1,0,external,variable,NA,left,right,different,2.8,2,2,1,0.44328799247741696,-0.35651081235078913,0.13060219169611226,2.287932631095053,1,2.8,0,1,0,-1.01525955503275,1.0307519640852973,0.9968304199190299
2,1,0,external,variable,NA,left,right,different,2.8,3,2,1,0.4943665504455566,-0.30802083685612835,0.8211590430251621,2.042169615027977,1,2.8,0,1,0,-1.01525955503275,1.0307519640852973,0.9968304199190299
2,1,0,external,variable,NA,left,left,same,1,2,2,1,0.4257870316505432,-0.3763500853575296,-0.10600214649560596,2.4080205250544395,1,1,0,1,0,-1.01525955503275,1.0307519640852973,-0.9968304199190299
2,1,0,external,variable,NA,left,left,same,1,3,2,1,0.44927899042765296,-0.3551502891593863,0.2115975221323065,2.3066502796825614,1,1,0,1,0,-1.01525955503275,1.0307519640852973,-0.9968304199190299
2,1,0,external,variable,NA,left,left,same,2.8,2,2,1,0.43892741203308105,-0.35777889822613085,0.07164929988804886,2.2800821824799944,1,2.8,0,1,0,-1.01525955503275,1.0307519640852973,0.9968304199190299
2,1,0,external,variable,NA,left,left,same,2.8,3,2,1,0.4285796483357747,-0.3690210829121734,-0.06824734953510148,2.3444482401422544,1,2.8,0,1,0,-1.01525955503275,1.0307519640852973,0.9968304199190299
2,1,0,action,constant,short,right,right,same,1,7,2,2,0.4350371162096659,-0.3663981444980437,0.019054423653841066,2.3485981095470536,1,1,0,1,0,-1.01525955503275,1.0307519640852973,-0.9968304199190299
2,1,0,action,constant,short,right,left,different,1,7,2,2,0.3878018174852643,-0.416449281722574,-0.6195434627441222,2.638463360392417,1,1,0,1,0,-1.01525955503275,1.0307519640852973,-0.9968304199190299
2,1,0,action,constant,short,left,right,different,1,7,2,2,0.39425389583294207,-0.41148710533001276,-0.5323145532850923,2.616388347727496,1,1,0,1,0,-1.01525955503275,1.0307519640852973,-0.9968304199190299
2,1,0,action,constant,short,left,left,same,1,7,2,2,0.4084162712097168,-0.390222363857036,-0.3408462398368963,2.463870041170317,1,1,0,1,0,-1.01525955503275,1.0307519640852973,-0.9968304199190299
2,1,0,action,constant,short,left,left,same,NA,7,2,2,0.4364399909973144,-0.3600754618560922,0.03802059722459293,2.2912657424331986,1,NA,0,1,0,-1.01525955503275,1.0307519640852973,NA
2,1,0,action,variable,NA,right,right,same,1,4,2,2,0.41233551502227783,-0.3872314649749081,-0.2878600011008462,2.4530910769483443,1,1,0,1,0,-1.01525955503275,1.0307519640852973,-0.9968304199190299
2,1,0,action,variable,NA,right,right,same,1,6,2,2,0.40019047260284424,-0.3978929752528849,-0.4520549703020742,2.500648762336573,1,1,0,1,0,-1.01525955503275,1.0307519640852973,-0.9968304199190299
2,1,0,action,variable,NA,right,right,same,2.8,4,2,2,0.45010125637054443,-0.34788722079334533,0.22271415116542073,2.233808890898164,1,2.8,0,1,0,-1.01525955503275,1.0307519640852973,0.9968304199190299
2,1,0,action,variable,NA,right,right,same,2.8,6,2,2,0.4567139744758606,-0.34092541180572594,0.3121148307300644,2.1953187720367087,1,2.8,0,1,0,-1.01525955503275,1.0307519640852973,0.9968304199190299
2,1,0,action,variable,NA,right,left,different,1,4,2,2,0.42655913035074866,-0.3714013737667762,-0.09556375378174514,2.359433645304924,1,1,0,1,0,-1.01525955503275,1.0307519640852973,-0.9968304199190299
2,1,0,action,variable,NA,right,left,different,1,6,2,2,0.38244064648946124,-0.4181455518235344,-0.6920238441324861,2.6233470485906945,1,1,0,1,0,-1.01525955503275,1.0307519640852973,-0.9968304199190299
2,1,0,action,variable,NA,right,left,different,2.8,4,2,2,0.39436602592468256,-0.40454909309023435,-0.5307986098800364,2.5410114815260143,1,2.8,0,1,0,-1.01525955503275,1.0307519640852973,0.9968304199190299
2,1,0,action,variable,NA,right,left,different,2.8,6,2,2,0.41871328353881837,-0.379200397115622,-0.20163572382123118,2.4009975809472994,1,2.8,0,1,0,-1.01525955503275,1.0307519640852973,0.9968304199190299
2,1,0,action,variable,NA,left,right,different,1,4,2,2,0.38154834508895874,-0.41906361089792005,-0.704087317928122,2.62825978202787,1,1,0,1,0,-1.01525955503275,1.0307519640852973,-0.9968304199190299
2,1,0,action,variable,NA,left,right,different,1,6,2,2,0.3933671951293945,-0.40786869549434307,-0.5443023084267898,2.573717668232875,1,1,0,1,0,-1.01525955503275,1.0307519640852973,-0.9968304199190299
2,1,0,action,variable,NA,left,right,different,2.8,4,2,2,0.4152236779530843,-0.38290742890028984,-0.24881346613666375,2.4215832810201157,1,2.8,0,1,0,-1.01525955503275,1.0307519640852973,0.9968304199190299
2,1,0,action,variable,NA,left,right,different,2.8,6,2,2,0.4226129055023193,-0.3740572448538315,-0.148914762783754,2.3662315726288488,1,2.8,0,1,0,-1.01525955503275,1.0307519640852973,0.9968304199190299
2,1,0,action,variable,NA,left,left,same,1,4,2,2,0.3803849220275879,-0.4198866978376202,-0.7198162225406011,2.6302479416213735,1,1,0,1,0,-1.01525955503275,1.0307519640852973,-0.9968304199190299
2,1,0,action,variable,NA,left,left,same,1,6,2,2,0.39718449115753174,-0.40790014720125317,-0.49269435333483935,2.5989179978911703,1,1,0,1,0,-1.01525955503275,1.0307519640852973,-0.9968304199190299
2,1,0,action,variable,NA,left,left,same,2.8,4,2,2,0.48590409755706787,-0.31920642023060664,0.7067508636705236,2.1131247065441183,1,2.8,0,1,0,-1.01525955503275,1.0307519640852973,0.9968304199190299
2,1,0,action,variable,NA,left,left,same,2.8,6,2,2,0.4213358163833618,-0.3774887552253386,-0.1661803763001723,2.3965790442073986,1,2.8,0,1,0,-1.01525955503275,1.0307519640852973,0.9968304199190299
2,2.8,0.447158031342219,external,constant,long,right,right,same,2.8,0,2,1,0.47068757670266287,-0.33208971285300015,0.5010310245169782,2.1712608586939433,2.8,2.8,0.447158031342219,7.839999999999999,0.1999503049938489,0.9790002852101517,0.9584415584415584,0.9968304199190299
2,2.8,0.447158031342219,external,constant,long,right,left,different,2.8,0,2,1,0.44310541947682697,-0.3582668384955552,0.12813389498922864,2.3073195382688243,2.8,2.8,0.447158031342219,7.839999999999999,0.1999503049938489,0.9790002852101517,0.9584415584415584,0.9968304199190299
2,2.8,0.447158031342219,external,constant,long,right,left,different,NA,0,2,1,0.3837590217590332,-0.41594140160176774,-0.6742000622709549,2.6058019311606224,2.8,NA,0.447158031342219,7.839999999999999,0.1999503049938489,0.9790002852101517,0.9584415584415584,NA
2,2.8,0.447158031342219,external,constant,long,left,right,different,2.8,0,2,1,0.4002382755279541,-0.4023579980706913,-0.4514086983875698,2.5511920042167873,2.8,2.8,0.447158031342219,7.839999999999999,0.1999503049938489,0.9790002852101517,0.9584415584415584,0.9968304199190299
2,2.8,0.447158031342219,external,constant,long,left,left,same,2.8,0,2,1,0.4165248504051795,-0.3881924672088818,-0.2312222578626276,2.4890144525515105,2.8,2.8,0.447158031342219,7.839999999999999,0.1999503049938489,0.9790002852101517,0.9584415584415584,0.9968304199190299
2,2.8,0.447158031342219,external,variable,NA,right,right,same,1,2,2,1,0.4775503873825073,-0.32116754420355687,0.5938128320475825,2.095821494425724,2.8,1,0.447158031342219,7.839999999999999,0.1999503049938489,0.9790002852101517,0.9584415584415584,-0.9968304199190299
2,2.8,0.447158031342219,external,variable,NA,right,right,same,1,3,2,1,0.45809197425842285,-0.3434004430998905,0.3307447065298444,2.225187148029889,2.8,1,0.447158031342219,7.839999999999999,0.1999503049938489,0.9790002852101517,0.9584415584415584,-0.9968304199190299
2,2.8,0.447158031342219,external,variable,NA,right,right,same,2.8,2,2,1,0.5428526997566223,-0.2674707985475722,1.476667810954837,1.8599405049971267,2.8,2.8,0.447158031342219,7.839999999999999,0.1999503049938489,0.9790002852101517,0.9584415584415584,0.9968304199190299
2,2.8,0.447158031342219,external,variable,NA,right,right,same,2.8,3,2,1,0.5200420618057251,-0.28398148222797603,1.1682792630634915,1.9230980872940018,2.8,2.8,0.447158031342219,7.839999999999999,0.1999503049938489,0.9790002852101517,0.9584415584415584,0.9968304199190299
2,2.8,0.447158031342219,external,variable,NA,right,left,different,1,2,2,1,0.44962960481643677,-0.3487269753703961,0.2163376553306675,2.23990989348588,2.8,1,0.447158031342219,7.839999999999999,0.1999503049938489,0.9790002852101517,0.9584415584415584,-0.9968304199190299
2,2.8,0.447158031342219,external,variable,NA,right,left,different,1,3,2,1,0.4369803428649902,-0.36136298401396455,0.04532588733448075,2.307719431587972,2.8,1,0.447158031342219,7.839999999999999,0.1999503049938489,0.9790002852101517,0.9584415584415584,-0.9968304199190299
2,2.8,0.447158031342219,external,variable,NA,right,left,different,2.8,2,2,1,0.40751945972442627,-0.39666400309620387,-0.3529706877491543,2.5299158331147855,2.8,2.8,0.447158031342219,7.839999999999999,0.1999503049938489,0.9790002852101517,0.9584415584415584,0.9968304199190299
2,2.8,0.447158031342219,external,variable,NA,right,left,different,2.8,3,2,1,0.4821711778640747,-0.3173550002196647,0.6562836349154468,2.0791919813832695,2.8,2.8,0.447158031342219,7.839999999999999,0.1999503049938489,0.9790002852101517,0.9584415584415584,0.9968304199190299
2,2.8,0.447158031342219,external,variable,NA,left,right,different,1,2,2,1,0.4904999732971191,-0.3093610119270789,0.7688848315505282,2.0387360946791584,2.8,1,0.447158031342219,7.839999999999999,0.1999503049938489,0.9790002852101517,0.9584415584415584,-0.9968304199190299
2,2.8,0.447158031342219,external,variable,NA,left,right,different,1,3,2,1,0.49298298358917236,-0.30763947244391254,0.8024539031395781,2.032875930414357,2.8,1,0.447158031342219,7.839999999999999,0.1999503049938489,0.9790002852101517,0.9584415584415584,-0.9968304199190299
2,2.8,0.447158031342219,external,variable,NA,left,right,different,2.8,2,2,1,0.4170886278152466,-0.3838619478086575,-0.22360026600081379,2.44383261002113,2.8,2.8,0.447158031342219,7.839999999999999,0.1999503049938489,0.9790002852101517,0.9584415584415584,0.9968304199190299
2,2.8,0.447158031342219,external,variable,NA,left,right,different,2.8,3,2,1,0.4504120945930481,-0.3491706272280306,0.2269165302603577,2.247904435827786,2.8,2.8,0.447158031342219,7.839999999999999,0.1999503049938489,0.9790002852101517,0.9584415584415584,0.9968304199190299
2,2.8,0.447158031342219,external,variable,NA,left,left,same,1,2,2,1,0.46005165576934814,-0.34322669107047,0.3572386317231991,2.2416220435264753,2.8,1,0.447158031342219,7.839999999999999,0.1999503049938489,0.9790002852101517,0.9584415584415584,-0.9968304199190299
2,2.8,0.447158031342219,external,variable,NA,left,left,same,1,3,2,1,0.5111445188522339,-0.2916943750480129,1.0479888811314022,1.9585400561653614,2.8,1,0.447158031342219,7.839999999999999,0.1999503049938489,0.9790002852101517,0.9584415584415584,-0.9968304199190299
2,2.8,0.447158031342219,external,variable,NA,left,left,same,2.8,2,2,1,0.5268459320068359,-0.2783163689655265,1.2602642244608222,1.8980881112450627,2.8,2.8,0.447158031342219,7.839999999999999,0.1999503049938489,0.9790002852101517,0.9584415584415584,0.9968304199190299
2,2.8,0.447158031342219,external,variable,NA,left,left,same,2.8,3,2,1,0.43061119318008423,-0.3695248759228445,-0.04078186760244422,2.3609150152449887,2.8,2.8,0.447158031342219,7.839999999999999,0.1999503049938489,0.9790002852101517,0.9584415584415584,0.9968304199190299
2,2.8,0.447158031342219,action,constant,long,right,right,same,2.8,5,2,2,0.4323358138402303,-0.365008734082411,-0.017465848901400762,2.322055998429825,2.8,2.8,0.447158031342219,7.839999999999999,0.1999503049938489,0.9790002852101517,0.9584415584415584,0.9968304199190299
2,2.8,0.447158031342219,action,constant,long,right,left,different,2.8,5,2,2,0.40593541463216143,-0.3925230906839833,-0.3743861942706957,2.4746755278987123,2.8,2.8,0.447158031342219,7.839999999999999,0.1999503049938489,0.9790002852101517,0.9584415584415584,0.9968304199190299
2,2.8,0.447158031342219,action,constant,long,left,right,different,2.8,5,2,2,0.3947319666544596,-0.4050827878965687,-0.525851272128538,2.5494165682096432,2.8,2.8,0.447158031342219,7.839999999999999,0.1999503049938489,0.9790002852101517,0.9584415584415584,0.9968304199190299
2,2.8,0.447158031342219,action,constant,long,left,right,different,NA,5,2,2,0.4323098659515381,-0.3642048531098379,-0.017816651528309052,2.313155629235859,2.8,NA,0.447158031342219,7.839999999999999,0.1999503049938489,0.9790002852101517,0.9584415584415584,NA
2,2.8,0.447158031342219,action,constant,long,left,left,same,2.8,5,2,2,0.40932856003443396,-0.3895534429864586,-0.3285125459473321,2.4612508164288953,2.8,2.8,0.447158031342219,7.839999999999999,0.1999503049938489,0.9790002852101517,0.9584415584415584,0.9968304199190299
2,2.8,0.447158031342219,action,variable,NA,right,right,same,1,4,2,2,0.4321022828420003,-0.3668971628796644,-0.02062307254357958,2.341466213792362,2.8,1,0.447158031342219,7.839999999999999,0.1999503049938489,0.9790002852101517,0.9584415584415584,-0.9968304199190299
2,2.8,0.447158031342219,action,variable,NA,right,right,same,1,6,2,2,0.46145474910736084,-0.33800368621429205,0.37620775998682743,2.188750013230971,2.8,1,0.447158031342219,7.839999999999999,0.1999503049938489,0.9790002852101517,0.9584415584415584,-0.9968304199190299
2,2.8,0.447158031342219,action,variable,NA,right,right,same,2.8,4,2,2,0.4065079689025879,-0.39117381195409007,-0.36664554359595847,2.462715890594817,2.8,2.8,0.447158031342219,7.839999999999999,0.1999503049938489,0.9790002852101517,0.9584415584415584,0.9968304199190299
2,2.8,0.447158031342219,action,variable,NA,right,right,same,2.8,6,2,2,0.4246056079864502,-0.3728018042076501,-0.12197441035768648,2.363683558100487,2.8,2.8,0.447158031342219,7.839999999999999,0.1999503049938489,0.9790002852101517,0.9584415584415584,0.9968304199190299
2,2.8,0.447158031342219,action,variable,NA,right,left,different,1,4,2,2,0.407999316851298,-0.393670468805544,-0.3464832566273313,2.4998725061418225,2.8,1,0.447158031342219,7.839999999999999,0.1999503049938489,0.9790002852101517,0.9584415584415584,-0.9968304199190299
2,2.8,0.447158031342219,action,variable,NA,right,left,different,1,6,2,2,0.41062653064727783,-0.38677568619673564,-0.3109646249570382,2.4378017146326076,2.8,1,0.447158031342219,7.839999999999999,0.1999503049938489,0.9790002852101517,0.9584415584415584,-0.9968304199190299
2,2.8,0.447158031342219,action,variable,NA,right,left,different,2.8,4,2,2,0.4719958305358886,-0.3260618377711113,0.5187179695629807,2.118662783238218,2.8,2.8,0.447158031342219,7.839999999999999,0.1999503049938489,0.9790002852101517,0.9584415584415584,0.9968304199190299
2,2.8,0.447158031342219,action,variable,NA,right,left,different,2.8,6,2,2,0.4728299379348755,-0.32963103808542116,0.5299946892282832,2.158428633211092,2.8,2.8,0.447158031342219,7.839999999999999,0.1999503049938489,0.9790002852101517,0.9584415584415584,0.9968304199190299
2,2.8,0.447158031342219,action,variable,NA,left,right,different,1,4,2,2,0.3804324269294739,-0.426075410007439,-0.7191739797527459,2.708449162656243,2.8,1,0.447158031342219,7.839999999999999,0.1999503049938489,0.9790002852101517,0.9584415584415584,-0.9968304199190299
2,2.8,0.447158031342219,action,variable,NA,left,right,different,1,6,2,2,0.39726529121398924,-0.40201321666026474,-0.4916019765177551,2.5298526009245736,2.8,1,0.447158031342219,7.839999999999999,0.1999503049938489,0.9790002852101517,0.9584415584415584,-0.9968304199190299
2,2.8,0.447158031342219,action,variable,NA,left,right,different,2.8,4,2,2,0.33111047744750977,-0.48011359299695067,-1.3859823527870896,3.021343541619286,2.8,2.8,0.447158031342219,7.839999999999999,0.1999503049938489,0.9790002852101517,0.9584415584415584,0.9968304199190299
2,2.8,0.447158031342219,action,variable,NA,left,right,different,2.8,6,2,2,0.403457760810852,-0.3951118659416424,-0.4078828490234404,2.4887815319610214,2.8,2.8,0.447158031342219,7.839999999999999,0.1999503049938489,0.9790002852101517,0.9584415584415584,0.9968304199190299
2,2.8,0.447158031342219,action,variable,NA,left,left,same,1,4,2,2,0.4551180601119995,-0.3431247791825477,0.29053885752451414,2.2099051194896493,2.8,1,0.447158031342219,7.839999999999999,0.1999503049938489,0.9790002852101517,0.9584415584415584,-0.9968304199190299
2,2.8,0.447158031342219,action,variable,NA,left,left,same,1,6,2,2,0.4196367859840393,-0.37731533515865057,-0.18915042732628648,2.385066860819194,2.8,1,0.447158031342219,7.839999999999999,0.1999503049938489,0.9790002852101517,0.9584415584415584,-0.9968304199190299
2,2.8,0.447158031342219,action,variable,NA,left,left,same,2.8,4,2,2,0.43783348798751826,-0.36013747661615203,0.056859987610122675,2.299338805821148,2.8,2.8,0.447158031342219,7.839999999999999,0.1999503049938489,0.9790002852101517,0.9584415584415584,0.9968304199190299
2,2.8,0.447158031342219,action,variable,NA,left,left,same,2.8,6,2,2,0.4050165812174479,-0.3950742859858584,-0.3868083677814724,2.4974658227299074,2.8,2.8,0.447158031342219,7.839999999999999,0.1999503049938489,0.9790002852101517,0.9584415584415584,0.9968304199190299
